method,mean,std
Seurat,0.984093840222863,0.0223028182611371
