method,mean,std
PCA,0.9662352943036067,0.021455890528007567
totalVI,0.8930426653214849,0.0722674547939129
