method,ARI,NMI,cASW_on_UMAP
totalVI,0.5927232030238767,0.6646194774522549,0.28984585404396057
Seurat,0.4772116910856661,0.6138985549852155,0.42896043382714044
PCA,0.558628132369976,0.6419861125140479,0.30971336364746094
